,q,mean_dead_ratio,std_dead_ratio,mean_recovered_ratio,std_recovered_ratio,mean_infected_ratio,std_infected_ratio
0,2,0.28340000000000004,0.06367448468578289,0.5851,0.1120222745707299,0.37229999999999996,0.085133483424561
1,3,0.27409999999999995,0.06367252154579714,0.5939,0.10168475795319572,0.36199999999999993,0.07465922581972034
2,4,0.27580000000000005,0.06525611082496413,0.5855,0.12829165990040037,0.3654,0.08836764113633451
3,5,0.2893,0.05396767551043865,0.591,0.0778010282708397,0.3653,0.07435664059114022
4,6,0.2873,0.05583645762402912,0.5915,0.08006715931016913,0.3832999999999999,0.07173639243786935
5,7,0.29259999999999997,0.061702836239511706,0.5924,0.09998119823246769,0.3786,0.08432105312435323
6,8,0.29359999999999997,0.06158766110187981,0.5824999999999999,0.09511440479759099,0.37440000000000007,0.0747839554984891
7,9,0.2763,0.06611588311442267,0.5942000000000001,0.1122958592290918,0.3667,0.08026275599554253
8,10,0.27930000000000005,0.07404397342120424,0.5692,0.13620337734432286,0.36499999999999994,0.1020930947713899
