,q,mean_dead_ratio,std_dead_ratio,mean_recovered_ratio,std_recovered_ratio,mean_infected_ratio,std_infected_ratio
0,2,0.295,0.06725325270944149,0.5826,0.10279708167063888,0.3833,0.07932282143242257
1,3,0.2883,0.06770605585913271,0.5696,0.10752599685657419,0.3558999999999999,0.0819279561566136
2,4,0.28430000000000005,0.06716033055308766,0.5807,0.1145709823646459,0.36579999999999996,0.08067440734210571
3,5,0.28700000000000003,0.05823229344616266,0.5915,0.0960143218483576,0.37729999999999997,0.07159406399974792
4,6,0.2926999999999999,0.06368445650235227,0.5867,0.09639559118548939,0.38309999999999994,0.08332700642648816
5,7,0.2787,0.07812368398891593,0.5769,0.12840323204654935,0.37370000000000003,0.09091375033513906
6,8,0.2878,0.05891655115500228,0.5839000000000001,0.09728201272588885,0.36580000000000007,0.07811760364988163
7,9,0.2954,0.06538226059108082,0.5730000000000001,0.11433722053644649,0.37670000000000003,0.08316315289838402
8,10,0.28990000000000005,0.05625824384034752,0.5989999999999999,0.0766355009117837,0.3822,0.06632616376664642
